"title","price","bedroom","bathroom","carport","LT","LB","badges","agent","updated","location","link","description"
"Dijual rumah baru -Jl.Palagan","Rp 1,98 Miliar","4","4","1","130 m²","110 m²","Dekat Sekolah, Rumah, Premier","Xavier Marks Kraton","Diperbarui 7 jam yang lalu oleh","Ngaglik, Sleman","/properti/sleman/hos39573049/","Lokasi : strategis hanya berjarak 50 meter dari jalan Raya Umbul Permai, antara Jl Damai & Jl Kapt..."
"Rumah Classic Dekat Exit Tol Purwomartani Jogja","Rp 1,28 Miliar","3","2","1","110 m²","114 m²","Dekat Akses Transportasi, Dekat Tempat Ibadah, Rumah, Premier","Arif Faiza","Diperbarui 1 hari yang lalu oleh","Purwomartani   , Sleman","/properti/sleman/hos39024729/","Rumah classic dekat tol. Sahluna Residence merupakan komplek perumahan classic yang berlokasi dekat..."
"5 Menit Saja.ke Kampus Uii, Amikom,upn, Rumah.induk.dan Ruang Usaha Dijual","Rp 5,4 Miliar","7","8","6","482 m²","700 m²","Dekat Pusat Perbelanjaan, Dekat Sekolah, Dekat Fasilitas Kesehatan, Rumah, Premier","Rully Java","Diperbarui 1 hari yang lalu oleh","Condong Catur, Sleman","/properti/sleman/hos14414747/","Istimewa dan Lokasi yang sangat Strategis !! Rumah Induk dan Tempat Usaha di jual.. Murah lho..Hanya..."
"Rumah Murah Siap Huni, Dalam Cluster Dekat Sekolah Budi Mulia","Rp 775 Juta","3","2","1","105 m²","70 m²","Siap Huni, Dekat Akses Transportasi, Dekat Pusat Perbelanjaan, Rumah, Premier","HAGI WASTU","Diperbarui 3 hari yang lalu oleh","Kalasan, Sleman","/properti/sleman/hos17180937/","Rumah murah, hanya 6 menit ke sekolah Budi Mulia Tajem Maguwo, Sleman, di dalam cluster, lingkungan..."
"Rumah Istimewa Tengah Kota Bantul!! Garasi Dan Halaman Luas Muat 7 Mobil, Dekat Rsud Bantul","Rp 3 Miliar","3","3","5","400 m²","500 m²","Dekat Pusat Perbelanjaan, Dekat Sekolah, Rumah, Premier","Rully Java","Diperbarui 1 minggu yang lalu oleh","Bantul, Bantul","/properti/bantul/hos39714794/","Rumah Istimewa dan Sangat Strategis di Tengah Kota Bantul harga 3 Milyar Nego - lokasi sangat istimewa..."
"Rumah Klasik Kolonial Belanda Jogja Terawat","Rp 7,25 MiliarRp 7.9MHEMAT 400 Jutaan","7","6","1","443 m²","325 m²","Full Furnished, Dekat Sekolah, Rumah, Premier","tri indarto","Diperbarui 1 minggu yang lalu oleh","Pakualaman, Yogyakarta","/properti/yogyakarta/hos19084359/","Rumah Style Kolonial Belanda Cantik Tepi Jalan Raya Selatan Kotabaru Cocok Buat Investasi Coffeshop..."
"Rumah 2 Lantai Dekat Exit Tol Purwomartani","Rp 1,28 Miliar","3","2","1","110 m²","114 m²","Bebas Banjir, Dekat Akses Transportasi, Dekat Sekolah, Rumah, Premier","Arif Faiza","Diperbarui 1 hari yang lalu oleh","Depok, Sleman","/properti/sleman/hos19443432/","Kesempatan terbatas buat Anda dapatkan rumah strategis dengan return investasi tinggi di Depok, Sleman...."
"Rumah Mewah di Yogyakarta, Lokasi Dekat Kampus UNISA","Rp 1,88 Miliar","3","3","2","148 m²","146 m²","Dekat Akses Transportasi, Dekat Pusat Perbelanjaan, Dekat Sekolah, Rumah, Premier","Arif Faiza","Diperbarui 1 hari yang lalu oleh","Gamping, Sleman","/properti/sleman/hos39796442/","Rumah mewah di Yogyakarta, lokasi dekat kampus UNISA. Lokasinya sangat strategis, yaitu dalam area..."
"Rumah Classic Mewah Di dekat Kampus UNISA Yogyakarta","Rp 1,88 MiliarRp 1.9MHEMAT 10 Jutaan","3","3","1","148 m²","146 m²","Bebas Banjir, Dekat Akses Transportasi, Dekat Sekolah, Rumah, Premier","Arif Faiza","Diperbarui 1 hari yang lalu oleh","Gamping, Sleman","/properti/sleman/hos39376712/","Kesempatan terbatas buat Anda dapatkan rumah strategis dengan return investasi tinggi di Gamping,..."
"5 Menit Saja!! Ke Kampus Uii, Lingkungan Nyaman Masih, Ada Halaman Luas Di Belakang","Rp 795 Juta","3","2","1","153 m²","100 m²","Dekat Pusat Perbelanjaan, Dekat Sekolah, Dekat Landmark, Rumah, Premier","Rully Java","Diperbarui 21 jam yang lalu oleh","Ngaglik, Sleman","/properti/sleman/hos18593748/","Istimewa dan Murah banget 5 menit saja ke kampus uii Rumah murah di jogja Harga hanya 795 juta nego..."
"Rumah Bagus Semi Furnished SHM Wates, Kulon Progo","Rp 750 Juta","4","3","1","123 m²","106 m²","Full Furnished, Dekat Akses Transportasi, Dekat Sekolah, Rumah, Premier","Properti Kulon Progo","Diperbarui 2 hari yang lalu oleh","Wates, Kulon Progo","/properti/kulon-progo/hos19214284/","Lokasi : Perum Villa Edelweiss A2, Gn. Gempal, Giri Peni, Kec. Wates, Kabupaten Kulon Progo, Daerah..."
"Rumah Bagus Unfurnished SHM Pengasih, Kulon Progo Siap Huni","Rp 489 Juta","2","2","2","111 m²","55 m²","Siap Huni, Dekat Akses Transportasi, Dekat Sekolah, Rumah, Premier","Properti Kulon Progo","Diperbarui 1 hari yang lalu oleh","Pengasih, Kulon Progo","/properti/kulon-progo/hos18326360/","Lokasi Rumah : Soropadan, Tawangsari, Kec. Pengasih, Kabupaten Kulon Progo, Daerah Istimewa Yogyakarta..."
"RUMAH MURAH, 400 JUTAAN AREA PALAGAN SLEMAN DEKAT PASAR REJODANI","Rp 490 Juta","2","1","1","100 m²","50 m²","Siap Huni, Dekat Sekolah, Dekat Fasilitas Kesehatan, Rumah, Premier","HAGI WASTU","Diperbarui 3 hari yang lalu oleh","Ngaglik, Sleman","/properti/sleman/hos39380909/","Kesempatan emas memiliki rumah murah siap huni di lokasi strategis Ngaglik, Sleman, dekat Jalan Palagan!..."
"Rumah Minimalis Modern Dalam Perumahan Fasum Lengkap Dp Ringan","Rp 367 Juta","2","1","1","60 m²","30 m²","Dekat Akses Transportasi, Dekat Pusat Perbelanjaan, Dekat Sekolah, Rumah, Premier","HAGI WASTU","Diperbarui 3 hari yang lalu oleh","Sleman, Yogyakarta","/properti/yogyakarta/hos18029606/","Perumahan murah skema bayar mudah fasum lengkap. Lokasi strategis dekat jalan raya Godean - Seyegan...."
"RUMAH 2 LANTAI SIAP HUNI, TANAH LUAS, DEKAT LOTTE MART MAGUWO","Rp 1,4 Miliar","3","2","2","205 m²","90 m²","Siap Huni, Dekat Akses Transportasi, Dekat Pusat Perbelanjaan, Rumah, Premier","HAGI WASTU","Diperbarui 3 hari yang lalu oleh","Depok, Sleman","/properti/sleman/hos39522876/","Apakah Anda mendambakan hunian nyaman, tenang, dan strategis di Yogyakarta? Bayangkan tinggal di..."
"Rumah Siap Bangun Dekat Pemda Sleman 5menit Mall Sch","Rp 599 Juta","2","1","2","100 m²","45 m²","Dekat Pusat Perbelanjaan, Dekat Sekolah, Dekat Fasilitas Kesehatan, Rumah, Premier","rumah jogja 24","Diperbarui 3 hari yang lalu oleh","Sleman, Sleman","/properti/sleman/hos39753776/","Rumah Pesan Bangun Sleman Utara 5Menit Pemda Sleman Harga 599jt -------------------------------------..."
"Villa Area Perkotaan Jogja Fasilitas Lengkap","Rp 557 Juta","1","1","1","52 m²","52 m²","Full Furnished, Dekat Akses Transportasi, Dekat Pusat Perbelanjaan, Rumah, Premier","Rifany Cahyaning","Diperbarui 4 hari yang lalu oleh","Ngaglik, Sleman","/properti/sleman/hos39641702/","Luas Bangunan 52m2 Luas Tanah 52m2 Lokasi Prestisius (KOTA YOGYAKARTA) - 4 Menit Lippo Mall dan Amplaz..."
"Murah Area Kaliurang 10 Menit Uii","Rp 720 Juta","2","1","1","88 m²","50 m²","Siap Huni, Bebas Banjir, Dekat Sekolah, Rumah, Premier","Xavier Marks Kraton","Diperbarui 4 hari yang lalu oleh","Ngaglik, Sleman","/properti/sleman/hos39663604/","Rumah bergaya minimalist modern di Ngaglik. Cek segera rumah 1 lantai yang asri ini, dijual dengan..."
"Rumah Murah di Daerah Tempel, Sleman","Rp 592 Juta","3","2","N/A","327 m²","250 m²","Rumah, Premier","FIF Group","Diperbarui 1 menit yang lalu oleh","Tempel, Sleman","/properti/sleman/hos39379987/","Aset Property Lelang Powered by FIF Group..."
"Segera Jual Rumah Murah Full Furnished Di Ngaglik Sleman","Rp 575 Juta","2","1","1","100 m²","113 m²","Full Furnished, Dekat Sekolah, Dekat Landmark, Rumah, Premier","Lidia Chandra","Diperbarui 2 jam yang lalu oleh","Ngaglik, Sleman","/properti/sleman/hos39819950/","Segera dijual Rumah SHM MURAH FULL FURNISHED Lokasi Lempongsari , Ngaglik Sleman Dekat Jl Palagan..."
"Rumah Mewah Setengah Harga Di Citra Grand Mutiara Gamping","Rp 1,71 Miliar","4","3","2","279 m²","220 m²","Dekat Sekolah, Dekat Landmark, Lelang, Rumah, Premier","Lisa Wastu","Diperbarui 6 jam yang lalu oleh","Gamping, Sleman","/properti/sleman/hos39752433/","RUMAH MEWAH SETENGAH HARGA DI CITRA GRAND MUTIARA GAMPING Lokasi : Gamping, Sleman Rumah mewah didalam..."
"Rumah 2 Lantai Paling Murah Siap Huni Dekat Candi Prambanan","Rp 480 Juta","3","2","1","60 m²","60 m²","Siap Huni, Dekat Akses Transportasi, Dekat Pusat Perbelanjaan, Rumah, Premier","Lisa Wastu","Diperbarui 6 jam yang lalu oleh","Prambanan, Sleman","/properti/sleman/hos39721782/","RUMAH 2 LANTAI PALING MURAH SIAP HUNI DEKAT CANDI PRAMBANAN Lokasi : Tlogo Rumah 2 lantai siap huni..."
"Rumah Peninggalan Hb Vii Dijual Di Wirogunan Kota Jogja","Rp 37,5 Miliar","4","6","5","2540 m²","350 m²","Rumah, Premier","Lisa Wastu","Diperbarui 6 jam yang lalu oleh","Mergangsan, Yogyakarta","/properti/yogyakarta/hos39752413/","RUMAH PENINGGALAN HB VII DIJUAL DI WIROGUNAN KOTA JOGJA Lokasi : Wirogunan Rumah cantik peninggalan..."
"Rumah Modern Minimalis Dekat Kampus UMY DP 15Juta","Rp 480 Juta","2","1","1","108 m²","38 m²","Subsidi, Syariah, Siap Huni, Rumah, Premier","Yudistira Balecatur","Diperbarui 8 jam yang lalu oleh","Sleman, Sleman","/properti/sleman/hos39602352/","Rumah bergaya Modern Minimalis di Gamping, Sleman Dekat Kampus UMY. Cek segera rumah 1 lantai yang..."
"Rumah Mewah Jogja Dijual Murah Furnish Istimewa Ada Kolam Renang","Rp 7,7 Miliar","4","4","1","280 m²","600 m²","Full Furnished, Dekat Sekolah, Rumah, Premier","Dian Rini","Diperbarui 8 jam yang lalu oleh","Gondokusuman, Yogyakarta","/properti/yogyakarta/hos18143410/","Dijual Rumah Mewah Jogja Furnish Istimewa Fasco Mansion ADA KOLAM RENANG LAPANGAN BASKET GYM, RUANG..."
"Full Furnish Rumah Seturan Yogyakarta","Rp 2,22 Miliar","3","2","1","112 m²","90 m²","Full Furnished, Dekat Sekolah, Rumah, Premier","PT Hertindo Cahaya Abadi","Diperbarui 1 minggu yang lalu oleh","Seturan, Yogyakarta","/properti/yogyakarta/hos39655429/","Full Furnish Rumah Seturan Yogyakarta Impian punya hunian modern eksklusif di kawasan Seturan, Yogyakarta..."
"Rumah Baru Industrial Modern - Strategis Di Tepi Jalan Aspal Dekat Pasar Jangkang Jalan Kaliurang Km 13 Ngemplak Sleman","Rp 990 Juta","3","2","2","129 m²","95 m²","Dekat Sekolah, Dekat Fasilitas Kesehatan, Dekat Landmark, Rumah, Premier","Wisnu Kawiryan","Diperbarui 1 minggu yang lalu oleh","Ngaglik, Sleman","/properti/sleman/hos39768790/","RUMAH BARU INDUSTRIAL MODERN - STRATEGIS DI TEPI JALAN ASPAL DEKAT PASAR JANGKANG JALAN KALIURANG..."
"Rumah Besar Tanah Luas Shm Dijual Cepat Di Kota Yogyakarta","Rp 37,5 Miliar","4","6","5","2540 m²","350 m²","Rumah, Premier","Lisa Wastu","Diperbarui 1 minggu yang lalu oleh","Mergangsan, Yogyakarta","/properti/yogyakarta/hos39721680/","DIJUAL CEPAT RUMAH WARISAN HB VII DI KOTA JOGJA Lokasi : Wirogunan Rumah peninggalan Sri Sultan HB..."
"Kota Yogyakarta, Malioboro, Shm, Jual Cepat","Rp 350 Juta","2","1","N/A","122 m²","70 m²","Dekat Akses Transportasi, Dekat Sekolah, Rumah, Premier","Kusuma Properti","Diperbarui 4 hari yang lalu oleh","Danurejan, Yogyakarta","/properti/yogyakarta/hos39701910/","Dijual rumah, hitung tanah saja, di tengah kota Yogyakarta. hanya 900 meter dari Maliboro Mall. hanya..."
"Rumah Lelang Bri, Ngaglik, Yogyakarta","Rp 1,65 Miliar","3","2","2","337 m²","250 m²","Rumah, Premier","Bank BRI","Diperbarui 2 minggu yang lalu oleh","Ngaglik, Sleman","/properti/sleman/hos13663256/","Aset Property Lelang Powered by Bank BRI..."
"Rumah Murah Aset BRI, Sentolo, Kulon Progo","Rp 400 Juta","5","2","N/A","500 m²","1160 m²","Rumah, Premier","Bank BRI","Diperbarui 2 minggu yang lalu oleh","Sentolo, Kulon Progo","/properti/kulon-progo/hos39469400/","Aset Property Lelang Powered by Bank BRI..."
"Rumah Lelang Bri, Godean,","Rp 1 Miliar","4","2","1","116 m²","150 m²","Rumah, Premier","Bank BRI","Diperbarui 2 minggu yang lalu oleh","Godean, Sleman","/properti/sleman/hos13010664/","Aset Property Lelang Powered by Bank BRI..."
"Rumah Baru Cantik Boutique Houses Dalam Ringroad Jogja Timur Di Maguwoharjo Depak Sleman","Rp 2,37 Miliar","3","3","2","125 m²","126 m²","Full Furnished, Dekat Akses Transportasi, Rumah, Premier","Pindar JogjaRealty","Diperbarui 3 minggu yang lalu oleh","Depok, Sleman","/properti/sleman/hos39668819/","#2 kode : tenaya. Rumah Mewah Berkonsep Boutique Housed di Maguwoharjo, Sleman – Yogyakarta. Total..."
"Rumah Siap Huni Balecatur Yogyakarta","Rp 450 Juta","2","1","1","101 m²","45 m²","Siap Huni, Dekat Sekolah, Rumah, Premier","Hendri Panuntun","Diperbarui 3 bulan yang lalu oleh","Gamping, Sleman","/properti/sleman/hos16704444/","Unit terakhir rumah siap huni (Milik Sendiri) berlokasi di Temuwuh Lor, Balecatur, Gamping, Yogyakarta...."
"Rumah SHM Dekat Tol Jogja Hanya 575jt","Rp 575 Juta","2","2","1","96 m²","60 m²","Dekat Akses Transportasi, Rumah, Premier","kurnia fajar","Diperbarui 17 jam yang lalu oleh","Kalasan, Sleman","/properti/sleman/hos39816703/","Diperbarui 17 jam yang lalu oleh"
"Rumah Dalam Kota Jogja Dalam Benteng Kraton","Rp 4,5 Miliar","3","3","1","240 m²","150 m²","Rumah, Premier","tri indarto","Diperbarui 1 hari yang lalu oleh","Kraton, Yogyakarta","/properti/yogyakarta/hos8629759/","Dijual rumah Klasik Javanese dilingkungan njeron benteng kraton Kodya Yogyakarta (Benteng Hampir..."
"Rumah Mewah Jogja Discount Brutal Dari 8,8 Milyar","Rp 7,7 MiliarRp 8.8MHEMAT 1 Miliaran","4","4","3","280 m²","600 m²","Full Furnished, Dekat Pusat Perbelanjaan, Dekat Sekolah, Rumah, Premier","Carlos","Diperbarui 1 hari yang lalu oleh","Ngaglik, Sleman","/properti/sleman/hos39575315/","RUMAH SUPER MEWAH JOGJA FURNISHED Cocok buat HOMESTAY / REDDORZ / Kantor / Cafe / Salon Lt ±280mtr..."
"Rumah 2 Lantai Di Perumahan Palagan, Siap Huni!","Rp 2,7 Miliar","3","3","2","176 m²","150 m²","Bisa Nego, Full Furnished, Siap Huni, Rumah, Premier","Pudji","Diperbarui 3 hari yang lalu oleh","Mlati, Sleman","/properti/sleman/hos39767614/","Kesempatan terbatas buat Anda dapatkan rumah nyaman dengan return investasi tinggi di Mlati, Sleman...."
"Dijual Rumah 2 lantai Dalam Cluster Dekat UMY","Rp 750 Juta","2","2","4","154 m²","90 m²","Subsidi, Siap Huni, Bebas Banjir, Rumah, Premier","Yudistira Balecatur","Diperbarui 3 minggu yang lalu oleh","Sewon, Bantul","/properti/bantul/hos39644424/","Rumah hook 2 lantai di Bangunjiwo, Bantul. Dijual rumah hook di wilayah yang nyaman dengan pemandangan..."
"Rumah Mewah 2 Lantai Dekat Al Azhar Yogyakarta Ringroad Barat","Rp 1,45 MiliarRp 1.6MHEMAT 120 Jutaan","3","3","2","100 m²","114 m²","Siap Huni, Dekat Sekolah, Dekat Tempat Ibadah, Rumah, Premier","MUKHMAMMAD FAIZIN","Diperbarui 4 minggu yang lalu oleh","Godean, Sleman","/properti/sleman/hos38973554/","Kesempatan terbatas buat Anda dapatkan rumah mewah 2 lantai nyaman dengan lokasi yg strategis di..."
"Rumah Mewah 2 Lantai Dekat Al Azhar Yogyakarta Ringroad Barat","Rp 1,45 MiliarRp 1.6MHEMAT 120 Jutaan","3","3","2","100 m²","114 m²","Siap Huni, Dekat Sekolah, Dekat Tempat Ibadah, Rumah, Premier","MUKHMAMMAD FAIZIN","Diperbarui 4 minggu yang lalu oleh","Godean, Sleman","/properti/sleman/hos38973554/","Kesempatan terbatas buat Anda dapatkan rumah mewah 2 lantai nyaman dengan lokasi yg strategis di..."
"10 Menit Saja!! Ke Kampus Uii..rumah Baru Lingkungan Nyaman","Rp 1,28 Miliar","3","2","1","146 m²","100 m²","Siap Huni, Dekat Pusat Perbelanjaan, Dekat Sekolah, Rumah, Premier","Rully Java","Diperbarui 1 hari yang lalu oleh","Ngaglik, Sleman","/properti/sleman/hos17574628/","Istimewa dan Baru.. Rumah Istimewa di Jogja Tanahnya luas lho..146,5 m Harga 1.280.000.000 Nego Rumah..."
"Rumah Tipe Kontemporer Samping Kampus Mercubuana","Rp 1,1 Miliar","3","2","2","115 m²","96 m²","Full Furnished, DP 0%, Siap Huni, Rumah, Premier","Mema Royal Sedayu","Diperbarui 2 hari yang lalu oleh","Sedayu, Bantul","/properti/bantul/hos39812957/","Hunian terbaik se sedayu, samping kampus mercubuana Rumah ini berada dalam cluster mewah, tepi jalan..."
"Rumah Mewah 2 Lantai 400 Jutaan di Pusat Kota Klaten","Rp 460 Juta","2","1","1","75 m²","65 m²","Rumah, Premier","Rajata Propertindo Perkasa","Diperbarui 2 hari yang lalu oleh","Prambanan, Sleman","/properti/sleman/hos39811350/","Diperbarui 2 hari yang lalu oleh"
"Rumah Mewah Mulai 460 Juta di Klaten Kota","Rp 460 Juta","2","1","N/A","75 m²","65 m²","Rumah, Premier","Rajata Propertindo Perkasa","Diperbarui 2 hari yang lalu oleh","Maguwoharjo, Yogyakarta","/properti/yogyakarta/hos39607788/","Salah satu Rumah idaman dekat Pusat Kota >..."
"Rumah Sangat Strategis di Banguntapan","Rp 1,8 MiliarRp 1.9MHEMAT 100 Jutaan","3","2","1","201 m²","190 m²","Dekat Akses Transportasi, Dekat Pusat Perbelanjaan, Dekat Sekolah, Rumah, Premier","Bima Adijaya","Diperbarui 24 menit yang lalu oleh","Banguntapan, Bantul","/properti/bantul/hos39810417/","Rumah Sangat Strategis di Banguntapan Lokasi : Jaranan, Kec. Banguntapan, Kab. Bantul, Daerah Istimewa..."
"Dijual Rumah 2 Lantai Sawit Sari Dekat Ugm Sawitsari Condongcatur Sleman Yogyakarta","Rp 1,55 Miliar","4","3","1","118 m²","150 m²","Dekat Sekolah, Dekat Fasilitas Kesehatan, Rumah, Premier","DODDY (LNJD)","Diperbarui 2 hari yang lalu oleh","Condong Catur, Sleman","/properti/sleman/hos39266338/","Rumah Dijual Sleman LETAK STRATEGIS KONDISI OK LINGKUNGAN ASRI DAN NYAMAN DEKAT KAMPUS UII DEKAT..."
"UNIT EKSKLUSIF KONSEP JOGLO LEGALITAS SHM, HOOK DEKAT TAMAN.","Rp 730 Juta","2","1","1","105 m²","60 m²","Dekat Akses Transportasi, Dekat Pusat Perbelanjaan, Dekat Sekolah, Rumah, Premier","Yunna ciptanugraha","Diperbarui 1 minggu yang lalu oleh","Sleman, Sleman","/properti/sleman/hos39763035/","UNIT EKSKLUSIF KONSEP JOGLO LEGALITAS SHM, HOOK DEKAT TAMAN. di Perumahan Bale Joglo Prambanan 3,..."
"Rumah siap huni Limasan Modern di pondok wonolelo,Jl.kaliurang Km 13,Dekat Kampus UII","Rp 990 Juta","3","2","2","129 m²","90 m²","Siap Huni, Dekat Sekolah, Dekat Fasilitas Kesehatan, Rumah, Premier","indah  ade","Diperbarui 1 minggu yang lalu oleh","Ngemplak, Sleman","/properti/sleman/hos39762792/","Rumah siap huni desain Limasan modern di jl kaliurang km 13,Dekat Pasar Jangkang & Kampus UII Pusat..."
"Rumah 2 Lantai Siap Huni 2 Menit Ke Sekolah Kesatuan Bangsa","Rp 1,1 Miliar","4","2","2","90 m²","164 m²","DP 0%, Siap Huni, Bebas Banjir, Rumah, Premier","Mema Royal Sedayu","Diperbarui 2 minggu yang lalu oleh","Sleman, Sleman","/properti/sleman/hos39435732/","Dijual rumah 2 lantai di wilayah yang nyaman dengan pemandangan yang asri. Properti 2 lantai bergaya..."
"Rumah Modern Minimalis 20 Menit ke Malioboro DP hanya 15 Juta","Rp 480 Juta","2","1","1","108 m²","38 m²","Subsidi, Syariah, Siap Huni, Rumah, Premier","Yudistira Balecatur","Diperbarui 2 minggu yang lalu oleh","Mlati, Sleman","/properti/sleman/hos39715728/","Rumah Modern Minimalis DP HANYA 15 Juta di Gamping, Sleman. Cek segera rumah 1 lantai yang asri ini,..."
"Rumah Gaya Industrial Dekat Kampus Uii Dan Ugm Di Jalan Kaliurang Km 10","Rp 4,99 Miliar","4","5","2","636 m²","370 m²","Siap Huni, Dekat Pusat Perbelanjaan, Dekat Sekolah, Rumah, Premier","Uut benka","Diperbarui 2 minggu yang lalu oleh","Ngaglik, Sleman","/properti/sleman/hos39713578/","Lokasi : Jl. Kaliurang km 10, Sleman, Yogyakarta Hunian high quality, gaya industrial tropis siap..."
"Rumah Investasi Jawa Klasik 730 Juta, di Zona Wisata Prambanan Sleman","Rp 730 Juta","3","2","1","105 m²","60 m²","Dekat Akses Transportasi, Dekat Pusat Perbelanjaan, Dekat Sekolah, Rumah, Premier","Arum ciptanugraha","Diperbarui 3 minggu yang lalu oleh","Sleman, Sleman","/properti/sleman/hos39635217/","Rumah Investasi Jawa Klasik 730 Juta, di Zona Wisata Prambanan Sleman 1 unit terakhir, rumah joglo..."
"Ready Huni Rumah 1 Lantai Di Cluster Royal Sedayu Residence","Rp 850 Juta","2","1","1","116 m²","50 m²","DP 0%, Siap Huni, Dekat Akses Transportasi, Rumah, Premier","Mema Royal Sedayu","Diperbarui 4 minggu yang lalu oleh","Sedayu, Bantul","/properti/bantul/hos39501333/","Kesempatan terbatas buat Anda dapatkan rumah strategis dengan return investasi tinggi samping kampus..."
"RUMAH MINIMALIS MODERN DEKAT PASAR GODEAN SLEMAN MURAH JOGJA","Rp 545 Juta","2","1","2","114 m²","45 m²","Siap Huni, Dekat Pusat Perbelanjaan, Dekat Fasilitas Kesehatan, Rumah, Premier","Willy","Diperbarui 3 hari yang lalu oleh","Godean, Sleman","/properti/sleman/hos39536389/","Rumah Minimalis Modern Siap Huni Dekat Pasar Godean Sleman Jogja ✨ Unit Tersedia: A2 : LT 114 m²,..."
"PROMO KEMERDEKAAN - Beli Rumah Gratis Motor - Klaten Kota","Rp 460 Juta","2","1","1","84 m²","55 m²","Rumah, Premier","Anugrah Anandita Karya","Diperbarui 3 hari yang lalu oleh","Maguwoharjo, Yogyakarta","/properti/yogyakarta/hos39807568/","Diperbarui 3 hari yang lalu oleh"
"Diamond Park Regency Jebugan - Perumahan Murah Klaten","Rp 325 Juta","2","1","1","65 m²","36 m²","Rumah, Premier","Anugrah Anandita Karya","Diperbarui 3 hari yang lalu oleh","Kalasan, Sleman","/properti/sleman/hos39545894/","Diperbarui 3 hari yang lalu oleh"
"Rumah Super Murah Daerah Mantrijeron","Rp 1,1 Miliar","3","1","1","272 m²","272 m²","Dekat Tempat Wisata, Dekat Tempat Ibadah, Rumah, Premier","Uut benka","Diperbarui 3 hari yang lalu oleh","Mantrijeron, Yogyakarta","/properti/yogyakarta/hos39804171/","DI JUAL CEPAT Lokasi Matrijeron, kotamadya Yogyakarta Sebidang tanah bonus rumah dengan 3 kamar tidur,..."
"Dijual Rumah Cocok Untuk Usaha Dekat Pakuwon Mall Sleman","Rp 5,5 Miliar","3","2","2","559 m²","400 m²","Dekat Pusat Perbelanjaan, Dekat Sekolah, Rumah, Premier","Rinto Tanizar Jogja","Diperbarui 3 hari yang lalu oleh","Sleman, Yogyakarta","/properti/yogyakarta/hos18530659/","Rumah cocok untuk usaha dekat Pakuwon Mall, Condong Catur, Depok, Sleman, Jogja ini mempunyai luas..."
"Rumah Minimalis Modern Di Sakha Residence, Purwomartani, Kalasan, Sleman","Rp 599 Juta","1","2","1","90 m²","85 m²","Dekat Sekolah, Rumah, Premier","Rinto Tanizar Jogja","Diperbarui 3 hari yang lalu oleh","Kalasan, Sleman","/properti/sleman/hos10572013/","Rumah ini sangat cocok untuk keluarga muda yang mempunyai keluarga kecil. Rumah ini berada di Sakha..."
